date,revenue_total,orders_total,orders_unique_users,conversion_rate,aov,sessions_total,sessions_unique_users,new_users,returning_users,sessions_paid,sessions_organic,sessions_social,sessions_referral,ad_spend_total,ad_clicks_total,ad_impressions_total,cac,ctr,signup_total,signup_unique_users,activation_rate,checkout_abandonment_rate,d1_retention,d7_retention,repeat_purchase_rate,day_of_week,is_weekend,is_holiday,seasonality_index,market_trend_index,mobile_sessions_share,desktop_sessions_share,top_country_share,data_completeness_score,notes
2025-01-01,13038,320,288,0.032,40.75,10015,9013,4326,4687,4506,4506,701,302,1802,5406,118932,5.63,0.045,721,692,0.62,0.38,0.4,0.23,0.28,Wed,False,True,0.95,1.0,0.7,0.3,0.5,0.99,
2025-01-02,12733,320,288,0.032,39.79,10030,9027,4332,4695,4513,4513,702,302,1804,5412,119064,5.64,0.045,722,693,0.62,0.38,0.4,0.23,0.28,Thu,False,False,0.95,1.0,0.7,0.3,0.5,0.99,
2025-01-03,13151,321,288,0.032,40.97,10045,9040,4339,4701,4520,4520,703,302,1806,5418,119196,5.63,0.045,723,694,0.62,0.38,0.4,0.23,0.28,Fri,False,False,0.95,1.0,0.7,0.3,0.5,0.99,
2025-01-04,16068,380,342,0.036,42.28,10563,9506,4562,4944,4753,4753,739,318,1808,5424,119328,4.76,0.045,760,729,0.62,0.38,0.4,0.23,0.28,Sat,True,False,0.95,1.0,0.7,0.3,0.5,0.99,
2025-01-05,15066,380,342,0.036,39.65,10578,9520,4569,4951,4760,4760,740,318,1810,5430,119460,4.76,0.045,761,730,0.62,0.38,0.4,0.23,0.28,Sun,True,False,0.95,1.0,0.7,0.3,0.5,0.99,
2025-01-06,12766,322,289,0.032,39.65,10090,9081,4358,4723,4540,4540,706,304,1812,5436,119592,5.63,0.045,726,696,0.62,0.38,0.4,0.23,0.28,Mon,False,False,0.96,1.0,0.7,0.3,0.5,0.99,
2025-01-07,13685,323,290,0.032,42.37,10105,9094,4365,4729,4547,4547,707,304,1814,5442,119724,5.62,0.045,727,697,0.62,0.38,0.4,0.23,0.28,Tue,False,False,0.96,1.0,0.7,0.3,0.5,0.99,
2025-01-08,13291,323,290,0.032,41.15,10120,9108,4371,4737,4554,4554,708,304,1816,5448,119856,5.62,0.045,728,698,0.62,0.38,0.4,0.23,0.28,Wed,False,False,0.96,1.0,0.7,0.3,0.5,0.99,
2025-01-09,12731,324,291,0.032,39.3,10135,9121,4378,4743,4560,4560,709,306,1818,5454,119988,5.61,0.045,729,699,0.62,0.38,0.4,0.23,0.28,Thu,False,False,0.96,1.0,0.7,0.3,0.5,0.99,
2025-01-10,13223,324,291,0.032,40.81,10150,9135,4384,4751,4567,4567,710,306,1820,5460,120120,5.62,0.045,730,700,0.62,0.38,0.4,0.23,0.28,Fri,False,False,0.96,1.0,0.7,0.3,0.5,0.99,
2025-01-11,15093,384,345,0.036,39.3,10673,9605,4610,4995,4802,4802,747,322,1822,5466,120252,4.74,0.045,768,737,0.62,0.38,0.4,0.23,0.28,Sat,True,False,0.96,1.0,0.7,0.3,0.5,0.99,
2025-01-12,15091,384,345,0.036,39.3,10689,9620,4617,5003,4810,4810,748,321,1824,5472,120384,4.75,0.045,769,738,0.62,0.38,0.4,0.23,0.28,Sun,True,False,0.96,1.0,0.7,0.3,0.5,0.99,
2025-01-13,13158,326,293,0.032,40.36,10195,9175,4404,4771,4587,4587,713,308,1826,5478,120516,5.6,0.045,734,704,0.62,0.38,0.4,0.23,0.28,Mon,False,False,0.96,1.0,0.7,0.3,0.5,0.99,
2025-01-14,12104,326,293,0.032,37.13,10210,9189,4410,4779,4594,4594,714,308,1828,5484,120648,5.61,0.045,735,705,0.62,0.38,0.4,0.23,0.28,Tue,False,False,0.96,1.0,0.7,0.3,0.5,0.99,
2025-01-15,12233,327,294,0.032,37.41,10225,9202,4416,4786,4601,4601,715,308,1830,5490,120780,5.6,0.045,736,706,0.62,0.38,0.4,0.23,0.28,Wed,False,False,0.96,1.0,0.7,0.3,0.5,0.99,
2025-01-16,12804,327,294,0.032,39.16,10240,9216,4423,4793,4608,4608,716,308,1832,5496,120912,5.6,0.045,737,707,0.62,0.38,0.4,0.23,0.28,Thu,False,False,0.97,1.0,0.7,0.3,0.5,0.99,
2025-01-17,12621,328,295,0.032,38.48,10255,9229,4429,4800,4614,4614,717,310,1834,5502,121044,5.59,0.045,738,708,0.62,0.38,0.4,0.23,0.28,Fri,False,False,0.97,1.0,0.7,0.3,0.5,0.99,
2025-01-18,15702,388,349,0.036,40.47,10783,9704,4657,5047,4852,4852,754,325,1836,5508,121176,4.73,0.045,776,744,0.62,0.38,0.4,0.23,0.28,Sat,True,False,0.97,1.0,0.7,0.3,0.5,0.99,
2025-01-19,14991,388,349,0.036,38.64,10799,9719,4665,5054,4859,4859,755,326,1838,5514,121308,4.74,0.045,777,745,0.62,0.38,0.4,0.23,0.28,Sun,True,False,0.97,1.0,0.7,0.3,0.5,0.99,
2025-01-20,12463,329,296,0.032,37.88,10300,9270,4449,4821,4635,4635,721,309,1840,5520,121440,5.59,0.045,741,711,0.62,0.38,0.4,0.23,0.28,Mon,False,False,0.97,1.0,0.7,0.3,0.5,0.99,
2025-01-21,13925,330,297,0.032,42.2,10315,9283,4455,4828,4641,4641,722,311,1842,5526,121572,5.58,0.045,742,712,0.62,0.38,0.4,0.23,0.28,Tue,False,False,0.97,1.0,0.7,0.3,0.5,0.99,
2025-01-22,13088,330,297,0.032,39.66,10330,9297,4462,4835,4648,4648,723,311,1844,5532,121704,5.59,0.045,743,713,0.62,0.38,0.4,0.23,0.28,Wed,False,False,0.97,1.0,0.7,0.3,0.5,0.99,
2025-01-23,13273,331,297,0.032,40.1,10345,9310,4468,4842,4655,4655,724,311,1846,5538,121836,5.58,0.045,744,714,0.62,0.38,0.4,0.23,0.28,Thu,False,False,0.97,1.0,0.7,0.3,0.5,0.99,
2025-01-24,12532,331,297,0.032,37.86,10360,9324,4475,4849,4662,4662,725,311,1848,5544,121968,5.58,0.045,745,715,0.62,0.38,0.4,0.23,0.28,Fri,False,False,0.97,1.0,0.7,0.3,0.5,0.99,
2025-01-25,15359,392,352,0.036,39.18,10893,9803,4705,5098,4901,4901,762,329,1850,5550,122100,4.72,0.045,784,752,0.62,0.38,0.4,0.23,0.28,Sat,True,False,0.97,1.0,0.7,0.3,0.5,0.99,
2025-01-26,15745,392,352,0.036,40.17,10909,9818,4712,5106,4909,4909,763,328,1852,5556,122232,4.72,0.045,785,753,0.62,0.38,0.4,0.23,0.28,Sun,True,False,0.97,1.0,0.7,0.3,0.5,0.99,
2025-01-27,12706,332,298,0.032,38.27,10405,9364,4494,4870,4682,4682,728,313,1854,5562,122364,5.58,0.045,749,719,0.62,0.38,0.4,0.23,0.28,Mon,False,False,0.98,1.0,0.7,0.3,0.5,0.99,
2025-01-28,13507,333,299,0.032,40.56,10420,9378,4501,4877,4689,4689,729,313,1856,5568,122496,5.57,0.045,750,720,0.62,0.38,0.4,0.23,0.28,Tue,False,False,0.98,1.0,0.7,0.3,0.5,0.99,
2025-01-29,13019,333,299,0.032,39.1,10435,9391,4507,4884,4695,4695,730,315,1858,5574,122628,5.58,0.045,751,720,0.62,0.38,0.4,0.23,0.28,Wed,False,False,0.98,1.0,0.7,0.3,0.5,0.99,
2025-01-30,13213,334,300,0.032,39.56,10450,9405,4514,4891,4702,4702,731,315,1860,5580,122760,5.57,0.045,752,721,0.62,0.38,0.4,0.23,0.28,Thu,False,False,0.98,1.0,0.7,0.3,0.5,0.99,
2025-01-31,13058,334,300,0.032,39.1,10465,9418,4520,4898,4709,4709,732,315,1862,5586,122892,5.57,0.045,753,722,0.62,0.38,0.4,0.23,0.28,Fri,False,False,0.98,1.0,0.7,0.3,0.5,0.99,
2025-02-01,16940,396,356,0.036,42.78,11004,9903,4753,5150,4951,4951,770,332,1864,5592,123024,4.71,0.045,792,760,0.62,0.38,0.4,0.23,0.28,Sat,True,False,0.98,1.0,0.7,0.3,0.5,0.99,
2025-02-02,15831,396,356,0.036,39.98,11019,9917,4760,5157,4958,4958,771,332,1866,5598,123156,4.71,0.045,793,761,0.62,0.38,0.4,0.23,0.28,Sun,True,False,0.98,1.0,0.7,0.3,0.5,0.99,
2025-02-03,12906,336,302,0.032,38.41,10510,9459,4540,4919,4729,4729,735,317,1868,5604,123288,5.56,0.045,756,725,0.62,0.38,0.4,0.23,0.28,Mon,False,False,0.98,1.0,0.7,0.3,0.5,0.99,
2025-02-04,13854,336,302,0.032,41.23,10525,9472,4546,4926,4736,4736,736,317,1870,5610,123420,5.57,0.045,757,726,0.62,0.38,0.4,0.23,0.28,Tue,False,False,0.98,1.0,0.7,0.3,0.5,0.99,
2025-02-05,12862,337,303,0.032,38.17,10540,9486,4553,4933,4743,4743,737,317,1872,5616,123552,5.55,0.045,758,727,0.62,0.38,0.4,0.23,0.28,Wed,False,False,0.98,1.0,0.7,0.3,0.5,0.99,
2025-02-06,13585,337,303,0.032,40.31,10555,9499,4559,4940,4749,4749,738,319,1874,5622,123684,5.56,0.045,759,728,0.62,0.38,0.4,0.23,0.28,Thu,False,False,0.99,1.0,0.7,0.3,0.5,0.99,
2025-02-07,12526,338,304,0.032,37.06,10570,9513,4566,4947,4756,4756,739,319,1876,5628,123816,5.55,0.045,761,730,0.62,0.38,0.4,0.23,0.28,Fri,False,False,0.99,1.0,0.7,0.3,0.5,0.99,
2025-02-08,15203,400,360,0.036,38.01,11114,10002,4800,5202,5001,5001,777,335,1878,5634,123948,4.7,0.045,800,768,0.62,0.38,0.4,0.23,0.28,Sat,True,False,0.99,1.0,0.7,0.3,0.5,0.99,
2025-02-09,16118,400,360,0.036,40.3,11130,10017,4808,5209,5008,5008,779,335,1880,5640,124080,4.7,0.045,801,768,0.62,0.38,0.4,0.23,0.28,Sun,True,False,0.99,1.0,0.7,0.3,0.5,0.99,
2025-02-10,13935,339,305,0.032,41.11,10615,9553,4585,4968,4776,4776,743,320,1882,5646,124212,5.55,0.045,764,733,0.62,0.38,0.4,0.23,0.28,Mon,False,False,0.99,1.0,0.7,0.3,0.5,0.99,
2025-02-11,13687,340,306,0.032,40.26,10630,9567,4592,4975,4783,4783,744,320,1884,5652,124344,5.54,0.045,765,734,0.62,0.38,0.4,0.23,0.28,Tue,False,False,0.99,1.0,0.7,0.3,0.5,0.99,
2025-02-12,13541,340,306,0.032,39.83,10645,9580,4598,4982,4790,4790,745,320,1886,5658,124476,5.55,0.045,766,735,0.62,0.38,0.4,0.23,0.28,Wed,False,False,0.99,1.0,0.7,0.3,0.5,0.99,
2025-02-13,13485,341,306,0.032,39.55,10660,9594,4605,4989,4797,4797,746,320,1888,5664,124608,5.54,0.045,767,736,0.62,0.38,0.4,0.23,0.28,Thu,False,False,0.99,1.0,0.7,0.3,0.5,0.99,
2025-02-14,12883,341,306,0.032,37.78,10675,9607,4611,4996,4803,4803,747,322,1890,5670,124740,5.54,0.045,768,737,0.62,0.38,0.4,0.23,0.28,Fri,False,False,0.99,1.0,0.7,0.3,0.5,0.99,
2025-02-15,15723,404,363,0.036,38.92,11224,10101,4848,5253,5050,5050,785,339,1892,5676,124872,4.68,0.045,808,775,0.62,0.38,0.4,0.23,0.28,Sat,True,False,0.99,1.0,0.7,0.3,0.5,0.99,
2025-02-16,15880,404,363,0.036,39.31,11240,10116,4855,5261,5058,5058,786,338,1894,5682,125004,4.69,0.045,809,776,0.62,0.38,0.4,0.23,0.28,Sun,True,False,1.0,1.0,0.7,0.3,0.5,0.99,
2025-02-17,14263,343,308,0.032,41.59,10720,9648,4631,5017,4824,4824,750,322,1896,5688,125136,5.53,0.045,771,740,0.62,0.38,0.4,0.23,0.28,Mon,False,False,1.0,1.0,0.7,0.3,0.5,0.99,
2025-02-18,13896,343,308,0.032,40.52,10735,9661,4637,5024,4830,4830,751,324,1898,5694,125268,5.53,0.045,772,741,0.62,0.38,0.4,0.23,0.28,Tue,False,False,1.0,1.0,0.7,0.3,0.5,0.99,
2025-02-19,12850,344,309,0.032,37.36,10750,9675,4644,5031,4837,4837,752,324,1900,5700,125400,5.52,0.045,774,743,0.62,0.38,0.4,0.23,0.28,Wed,False,False,1.0,1.0,0.7,0.3,0.5,0.99,
2025-02-20,13927,344,309,0.032,40.49,10765,9688,4650,5038,4844,4844,753,324,1902,5706,125532,5.53,0.045,775,744,0.62,0.38,0.4,0.23,0.28,Thu,False,False,1.0,1.0,0.7,0.3,0.5,0.99,
2025-02-21,13561,344,309,0.032,39.42,10780,9702,4656,5046,4851,4851,754,324,1904,5712,125664,5.53,0.045,776,744,0.62,0.38,0.4,0.23,0.28,Fri,False,False,1.0,1.0,0.7,0.3,0.5,0.99,
2025-02-22,15905,408,367,0.036,38.98,11334,10200,4896,5304,5100,5100,793,341,1906,5718,125796,4.67,0.045,816,783,0.62,0.38,0.4,0.23,0.28,Sat,True,False,1.0,1.0,0.7,0.3,0.5,0.99,
2025-02-23,16694,408,367,0.036,40.92,11350,10215,4903,5312,5107,5107,794,342,1908,5724,125928,4.68,0.045,817,784,0.62,0.38,0.4,0.23,0.28,Sun,True,False,1.0,1.0,0.7,0.3,0.5,0.99,
2025-02-24,14375,346,311,0.032,41.55,10825,9742,4676,5066,4871,4871,757,326,1910,5730,126060,5.52,0.045,779,747,0.62,0.38,0.4,0.23,0.28,Mon,False,False,1.0,1.0,0.7,0.3,0.5,0.99,
2025-02-25,14323,346,311,0.032,41.4,10840,9756,4682,5074,4878,4878,758,326,1912,5736,126192,5.53,0.045,780,748,0.62,0.38,0.4,0.23,0.28,Tue,False,False,1.0,1.0,0.7,0.3,0.5,0.99,
2025-02-26,13443,347,312,0.032,38.74,10855,9769,4689,5080,4884,4884,759,328,1914,5742,126324,5.52,0.045,781,749,0.62,0.38,0.4,0.23,0.28,Wed,False,False,1.0,1.0,0.7,0.3,0.5,0.99,
2025-02-27,13719,347,312,0.032,39.54,10870,9783,4695,5088,4891,4891,760,328,1916,5748,126456,5.52,0.045,782,750,0.62,0.38,0.4,0.23,0.28,Thu,False,False,1.01,1.0,0.7,0.3,0.5,0.99,
2025-02-28,14092,348,313,0.032,40.5,10885,9796,4702,5094,4898,4898,761,328,1918,5754,126588,5.51,0.045,783,751,0.62,0.38,0.4,0.23,0.28,Fri,False,False,1.01,1.0,0.7,0.3,0.5,0.99,
2025-03-01,17082,412,370,0.036,41.46,11445,10300,4944,5356,5150,5150,801,344,1920,5760,126720,4.66,0.045,824,791,0.62,0.38,0.4,0.23,0.28,Sat,True,False,1.01,0.95,0.7,0.3,0.5,0.99,
2025-03-02,16183,412,370,0.036,39.28,11460,10314,4950,5364,5157,5157,802,344,1922,5766,126852,4.67,0.045,825,792,0.62,0.38,0.4,0.23,0.28,Sun,True,False,1.01,0.95,0.7,0.3,0.5,0.99,
2025-03-03,13862,349,314,0.032,39.72,10930,9837,4721,5116,4918,4918,765,329,1924,5772,126984,5.51,0.045,786,754,0.62,0.38,0.4,0.23,0.28,Mon,False,False,1.01,0.95,0.7,0.3,0.5,0.99,
2025-03-04,13419,350,315,0.032,38.34,10945,9850,4728,5122,4925,4925,766,329,1926,5778,127116,5.5,0.045,788,756,0.62,0.38,0.4,0.23,0.28,Tue,False,False,1.01,0.95,0.7,0.3,0.5,0.99,
2025-03-05,13371,350,315,0.032,38.21,10960,9864,4734,5130,4932,4932,767,329,1928,5784,127248,5.51,0.045,789,757,0.62,0.38,0.4,0.23,0.28,Wed,False,False,1.01,0.95,0.7,0.3,0.5,0.99,
2025-03-06,14467,351,315,0.032,41.22,10975,9877,4740,5137,4938,4938,768,331,1930,5790,127380,5.5,0.045,790,758,0.62,0.38,0.4,0.23,0.28,Thu,False,False,1.01,0.95,0.7,0.3,0.5,0.99,
2025-03-07,14754,351,315,0.032,42.03,10990,9891,4747,5144,4945,4945,769,331,1932,5796,127512,5.5,0.045,791,759,0.62,0.38,0.4,0.23,0.28,Fri,False,False,1.01,0.95,0.7,0.3,0.5,0.99,
2025-03-08,16555,415,373,0.036,39.89,11555,10399,4991,5408,5199,5199,808,349,1934,5802,127644,4.66,0.045,831,797,0.62,0.38,0.4,0.23,0.28,Sat,True,False,1.01,0.95,0.7,0.3,0.5,0.99,
2025-03-09,17266,416,374,0.036,41.51,11571,10413,4998,5415,5206,5206,809,350,1936,5808,127776,4.65,0.045,833,799,0.62,0.38,0.4,0.23,0.28,Sun,True,False,1.02,0.95,0.7,0.3,0.5,0.99,
2025-03-10,14311,353,317,0.032,40.54,11035,9931,4766,5165,4965,4965,772,333,1938,5814,127908,5.49,0.045,794,762,0.62,0.38,0.4,0.23,0.28,Mon,False,False,1.02,0.95,0.7,0.3,0.5,0.99,
2025-03-11,13778,353,317,0.032,39.03,11050,9945,4773,5172,4972,4972,773,333,1940,5820,128040,5.5,0.045,795,763,0.62,0.38,0.4,0.23,0.28,Tue,False,False,1.02,0.95,0.7,0.3,0.5,0.99,
2025-03-12,14351,354,318,0.032,40.54,11065,9958,4779,5179,4979,4979,774,333,1942,5826,128172,5.49,0.045,796,764,0.62,0.38,0.4,0.23,0.28,Wed,False,False,1.02,0.95,0.7,0.3,0.5,0.99,
2025-03-13,14976,354,318,0.032,42.31,11080,9972,4786,5186,4986,4986,775,333,1944,5832,128304,5.49,0.045,797,765,0.62,0.38,0.4,0.23,0.28,Thu,False,False,1.02,0.95,0.7,0.3,0.5,0.99,
2025-03-14,14180,355,319,0.032,39.95,11095,9985,4792,5193,4992,4992,776,335,1946,5838,128436,5.48,0.045,798,766,0.62,0.38,0.4,0.23,0.28,Fri,False,False,1.02,0.95,0.7,0.3,0.5,0.99,
2025-03-15,17743,419,377,0.036,42.35,11665,10498,5039,5459,5249,5249,816,351,1948,5844,128568,4.65,0.045,839,805,0.62,0.38,0.4,0.23,0.28,Sat,True,False,1.02,0.95,0.7,0.3,0.5,0.99,
2025-03-16,15149,420,378,0.036,36.07,11681,10512,5045,5467,5256,5256,817,352,1950,5850,128700,4.64,0.045,840,806,0.62,0.38,0.4,0.23,0.28,Sun,True,False,1.02,0.95,0.7,0.3,0.5,0.99,
2025-03-17,14678,356,320,0.032,41.23,11140,10026,4812,5214,5013,5013,779,335,1952,5856,128832,5.48,0.045,802,769,0.62,0.38,0.4,0.23,0.28,Mon,False,False,1.02,0.95,0.7,0.3,0.5,0.99,
2025-03-18,14286,356,320,0.032,40.13,11155,10039,4818,5221,5019,5019,780,337,1954,5862,128964,5.49,0.045,803,770,0.62,0.38,0.4,0.23,0.28,Tue,False,False,1.02,0.95,0.7,0.3,0.5,0.99,
2025-03-19,14119,357,321,0.032,39.55,11170,10053,4825,5228,5026,5026,781,337,1956,5868,129096,5.48,0.045,804,771,0.62,0.38,0.4,0.23,0.28,Wed,False,False,1.02,0.95,0.7,0.3,0.5,0.99,
2025-03-20,14329,357,321,0.032,40.14,11185,10066,4831,5235,5033,5033,782,337,1958,5874,129228,5.48,0.045,805,772,0.62,0.38,0.4,0.23,0.28,Thu,False,False,1.03,0.95,0.7,0.3,0.5,0.99,
2025-03-21,13252,358,322,0.032,37.02,11200,10080,4838,5242,5040,5040,784,336,1960,5880,129360,5.47,0.045,806,773,0.62,0.38,0.4,0.23,0.28,Fri,False,False,1.03,0.95,0.7,0.3,0.5,0.99,
2025-03-22,16780,423,380,0.036,39.67,11775,10597,5086,5511,5298,5298,824,355,1962,5886,129492,4.64,0.045,847,813,0.62,0.38,0.4,0.23,0.28,Sat,True,False,1.03,0.95,0.7,0.3,0.5,0.99,
2025-03-23,17187,424,381,0.036,40.54,11791,10611,5093,5518,5305,5305,825,356,1964,5892,129624,4.63,0.045,848,814,0.62,0.38,0.4,0.23,0.28,Sun,True,False,1.03,0.95,0.7,0.3,0.5,0.99,
2025-03-24,15155,359,323,0.032,42.22,11245,10120,4857,5263,5060,5060,787,338,1966,5898,129756,5.48,0.045,809,776,0.62,0.38,0.4,0.23,0.28,Mon,False,False,1.03,0.95,0.7,0.3,0.5,0.99,
2025-03-25,14120,360,324,0.032,39.22,11260,10134,4864,5270,5067,5067,788,338,1968,5904,129888,5.47,0.045,810,777,0.62,0.38,0.4,0.23,0.28,Tue,False,False,1.03,0.95,0.7,0.3,0.5,0.99,
2025-03-26,13963,360,324,0.032,38.79,11275,10147,4870,5277,5073,5073,789,340,1970,5910,130020,5.47,0.045,811,778,0.62,0.38,0.4,0.23,0.28,Wed,False,False,1.03,0.95,0.7,0.3,0.5,0.99,
2025-03-27,14168,361,324,0.032,39.25,11290,10161,4877,5284,5080,5080,790,340,1972,5916,130152,5.46,0.045,812,779,0.62,0.38,0.4,0.23,0.28,Thu,False,False,1.03,0.95,0.7,0.3,0.5,0.99,
2025-03-28,14935,361,324,0.032,41.37,11305,10174,4883,5291,5087,5087,791,340,1974,5922,130284,5.47,0.045,813,780,0.62,0.38,0.4,0.23,0.28,Fri,False,False,1.03,0.95,0.7,0.3,0.5,0.99,
2025-03-29,17290,427,384,0.036,40.49,11886,10697,5134,5563,5348,5348,832,358,1976,5928,130416,4.63,0.045,855,820,0.62,0.38,0.4,0.23,0.28,Sat,True,False,1.03,0.95,0.7,0.3,0.5,0.99,
2025-03-30,16779,428,385,0.036,39.21,11901,10710,5140,5570,5355,5355,833,358,1978,5934,130548,4.62,0.045,856,821,0.62,0.38,0.4,0.23,0.28,Sun,True,False,1.04,0.95,0.7,0.3,0.5,0.99,
2025-03-31,14799,363,326,0.032,40.77,11350,10215,4903,5312,5107,5107,794,342,1980,5940,130680,5.45,0.045,817,784,0.62,0.38,0.4,0.23,0.28,Mon,False,False,1.04,0.95,0.7,0.3,0.5,0.99,
2025-04-01,14572,363,326,0.032,40.15,11365,10228,4909,5319,5114,5114,795,342,1982,5946,130812,5.46,0.045,818,785,0.62,0.38,0.4,0.23,0.28,Tue,False,False,1.04,1.0,0.7,0.3,0.5,0.99,
2025-04-02,15088,364,327,0.032,41.45,11380,10242,4916,5326,5121,5121,796,342,1984,5952,130944,5.45,0.045,819,786,0.62,0.38,0.4,0.23,0.28,Wed,False,False,1.04,1.0,0.7,0.3,0.5,0.99,
2025-04-03,14176,364,327,0.032,38.95,11395,10255,4922,5333,5127,5127,797,344,1986,5958,131076,5.46,0.045,820,787,0.62,0.38,0.4,0.23,0.28,Thu,False,False,1.04,1.0,0.7,0.3,0.5,0.99,
2025-04-04,14420,365,328,0.032,39.51,11410,10269,4929,5340,5134,5134,798,344,1988,5964,131208,5.45,0.045,821,788,0.62,0.38,0.4,0.23,0.28,Fri,False,False,1.04,1.0,0.7,0.3,0.5,0.99,
2025-04-05,16986,431,387,0.036,39.41,11996,10796,5182,5614,5398,5398,839,361,1990,5970,131340,4.62,0.045,863,828,0.62,0.38,0.4,0.23,0.28,Sat,True,False,1.04,1.0,0.7,0.3,0.5,0.99,
2025-04-06,16331,432,388,0.036,37.8,12012,10810,5188,5622,5405,5405,840,362,1992,5976,131472,4.61,0.045,864,829,0.62,0.38,0.4,0.23,0.28,Sun,True,False,1.04,1.0,0.7,0.3,0.5,0.99,
2025-04-07,14802,366,329,0.032,40.44,11455,10309,4948,5361,5154,5154,801,346,1994,5982,131604,5.45,0.045,824,791,0.62,0.38,0.4,0.23,0.28,Mon,False,False,1.04,1.0,0.7,0.3,0.5,0.99,
2025-04-08,14823,367,330,0.032,40.39,11470,10323,4955,5368,5161,5161,802,346,1996,5988,131736,5.44,0.045,825,792,0.62,0.38,0.4,0.23,0.28,Tue,False,False,1.04,1.0,0.7,0.3,0.5,0.99,
2025-04-09,14682,367,330,0.032,40.01,11485,10336,4961,5375,5168,5168,803,346,1998,5994,131868,5.44,0.045,826,792,0.62,0.38,0.4,0.23,0.28,Wed,False,False,1.04,1.0,0.7,0.3,0.5,0.99,
2025-04-10,14590,368,331,0.032,39.65,11500,10350,4968,5382,5175,5175,805,345,2000,6000,132000,5.43,0.045,828,794,0.62,0.38,0.4,0.23,0.28,Thu,False,False,1.05,1.0,0.7,0.3,0.5,0.99,
2025-04-11,13938,368,331,0.032,37.88,11515,10363,4974,5389,5181,5181,806,347,2002,6006,132132,5.44,0.045,829,795,0.62,0.38,0.4,0.23,0.28,Fri,False,False,1.05,1.0,0.7,0.3,0.5,0.99,
2025-04-12,13818,351,315,0.029,39.37,12106,10895,5229,5666,5447,5447,847,365,2004,6012,132264,5.71,0.045,871,836,0.54,0.5,0.34,0.18,0.24,Sat,True,False,1.05,1.0,0.7,0.3,0.5,0.99,Checkout issue
2025-04-13,13859,351,315,0.029,39.49,12122,10909,5236,5673,5454,5454,848,366,2006,6018,132396,5.72,0.045,872,837,0.54,0.5,0.34,0.18,0.24,Sun,True,False,1.05,1.0,0.7,0.3,0.5,0.99,Checkout issue
2025-04-14,11212,289,260,0.025,38.8,11560,10404,4993,5411,5202,5202,809,347,2008,6024,132528,6.95,0.045,832,798,0.54,0.5,0.34,0.18,0.24,Mon,False,False,1.05,1.0,0.7,0.3,0.5,0.99,Checkout issue
2025-04-15,11490,289,260,0.025,39.76,11575,10417,5000,5417,5208,5208,810,349,2010,6030,132660,6.96,0.045,833,799,0.54,0.5,0.34,0.18,0.24,Tue,False,False,1.05,1.0,0.7,0.3,0.5,0.99,Checkout issue
2025-04-16,11735,289,260,0.025,40.61,11590,10431,5006,5425,5215,5215,811,349,2012,6036,132792,6.96,0.045,834,800,0.54,0.5,0.34,0.18,0.24,Wed,False,False,1.05,1.0,0.7,0.3,0.5,0.99,Checkout issue
2025-04-17,12420,290,261,0.025,42.83,11605,10444,5013,5431,5222,5222,812,349,2014,6042,132924,6.94,0.045,835,801,0.54,0.5,0.34,0.18,0.24,Thu,False,False,1.05,1.0,0.7,0.3,0.5,0.99,Checkout issue
2025-04-18,11675,290,261,0.025,40.26,11620,10458,5019,5439,5229,5229,813,349,2016,6048,133056,6.95,0.045,836,802,0.54,0.5,0.34,0.18,0.24,Fri,False,False,1.05,1.0,0.7,0.3,0.5,0.99,Checkout issue
2025-04-19,14296,354,318,0.029,40.39,12216,10994,5277,5717,5497,5497,855,367,2018,6054,133188,5.7,0.045,879,843,0.54,0.5,0.34,0.18,0.24,Sat,True,False,1.05,1.0,0.7,0.3,0.5,0.99,Checkout issue
2025-04-20,14120,354,318,0.029,39.89,12232,11008,5283,5725,5504,5504,856,368,2020,6060,133320,5.71,0.045,880,844,0.54,0.5,0.34,0.18,0.24,Sun,True,False,1.06,1.0,0.7,0.3,0.5,0.99,Checkout issue
2025-04-21,10802,291,261,0.025,37.12,11665,10498,5039,5459,5249,5249,816,351,2022,6066,133452,6.95,0.045,839,805,0.54,0.5,0.34,0.18,0.24,Mon,False,False,1.06,1.0,0.7,0.3,0.5,0.99,Checkout issue
2025-04-22,14905,373,335,0.032,39.96,11680,10512,5045,5467,5256,5256,817,351,2024,6072,133584,5.43,0.045,840,806,0.62,0.38,0.4,0.23,0.28,Tue,False,True,1.06,1.0,0.7,0.3,0.5,0.99,
2025-04-23,14993,374,336,0.032,40.09,11695,10525,5052,5473,5262,5262,818,353,2026,6078,133716,5.42,0.045,842,808,0.62,0.38,0.4,0.23,0.28,Wed,False,False,1.06,1.0,0.7,0.3,0.5,0.99,
2025-04-24,16341,374,336,0.032,43.69,11710,10539,5058,5481,5269,5269,819,353,2028,6084,133848,5.42,0.045,843,809,0.62,0.38,0.4,0.23,0.28,Thu,False,False,1.06,1.0,0.7,0.3,0.5,0.99,
2025-04-25,14891,375,337,0.032,39.71,11725,10552,5064,5488,5276,5276,820,353,2030,6090,133980,5.41,0.045,844,810,0.62,0.38,0.4,0.23,0.28,Fri,False,False,1.06,1.0,0.7,0.3,0.5,0.99,
2025-04-26,17920,443,398,0.036,40.45,12327,11094,5325,5769,5547,5547,862,371,2032,6096,134112,4.59,0.045,887,851,0.62,0.38,0.4,0.23,0.28,Sat,True,False,1.06,1.0,0.7,0.3,0.5,0.99,
2025-04-27,17736,444,399,0.036,39.95,12342,11107,5331,5776,5553,5553,863,373,2034,6102,134244,4.58,0.045,888,852,0.62,0.38,0.4,0.23,0.28,Sun,True,False,1.06,1.0,0.7,0.3,0.5,0.99,
2025-04-28,14380,376,338,0.032,38.25,11770,10593,5084,5509,5296,5296,823,355,2036,6108,134376,5.41,0.045,847,813,0.62,0.38,0.4,0.23,0.28,Mon,False,False,1.06,1.0,0.7,0.3,0.5,0.99,
2025-04-29,15726,377,339,0.032,41.71,11785,10606,5090,5516,5303,5303,824,355,2038,6114,134508,5.41,0.045,848,814,0.62,0.38,0.4,0.23,0.28,Tue,False,False,1.06,1.0,0.7,0.3,0.5,0.99,
2025-04-30,15505,377,339,0.032,41.13,11800,10620,5097,5523,5310,5310,826,354,2040,6120,134640,5.41,0.045,849,815,0.62,0.38,0.4,0.23,0.28,Wed,False,False,1.07,1.0,0.7,0.3,0.5,0.99,
2025-05-01,15568,378,340,0.032,41.19,11815,10633,5103,5530,5316,5316,827,356,2042,6126,134772,5.4,0.045,850,816,0.62,0.38,0.4,0.23,0.28,Thu,False,False,1.07,1.05,0.7,0.3,0.5,0.99,
2025-05-02,14604,378,340,0.032,38.64,11830,10647,5110,5537,5323,5323,828,356,2044,6132,134904,5.41,0.045,851,816,0.62,0.38,0.4,0.23,0.28,Fri,False,False,1.07,1.05,0.7,0.3,0.5,0.99,
2025-05-03,18820,447,402,0.036,42.1,12437,11193,5372,5821,5596,5596,870,375,2046,6138,135036,4.58,0.045,895,859,0.62,0.38,0.4,0.23,0.28,Sat,True,False,1.07,1.05,0.7,0.3,0.5,0.99,
2025-05-04,16977,448,403,0.036,37.9,12453,11207,5379,5828,5603,5603,871,376,2048,6144,135168,4.57,0.045,896,860,0.62,0.38,0.4,0.23,0.28,Sun,True,False,1.07,1.05,0.7,0.3,0.5,0.99,
2025-05-05,15534,380,342,0.032,40.88,11875,10687,5129,5558,5343,5343,831,358,2050,6150,135300,5.39,0.045,854,819,0.62,0.38,0.4,0.23,0.28,Mon,False,False,1.07,1.05,0.7,0.3,0.5,0.99,
2025-05-06,16448,380,342,0.032,43.29,11890,10701,5136,5565,5350,5350,832,358,2052,6156,135432,5.4,0.045,856,821,0.62,0.38,0.4,0.23,0.28,Tue,False,False,1.07,1.05,0.7,0.3,0.5,0.99,
2025-05-07,14635,380,342,0.032,38.51,11905,10714,5142,5572,5357,5357,833,358,2054,6162,135564,5.41,0.045,857,822,0.62,0.38,0.4,0.23,0.28,Wed,False,False,1.07,1.05,0.7,0.3,0.5,0.99,
2025-05-08,14916,381,342,0.032,39.15,11920,10728,5149,5579,5364,5364,834,358,2056,6168,135696,5.4,0.045,858,823,0.62,0.38,0.4,0.23,0.28,Thu,False,False,1.07,1.05,0.7,0.3,0.5,0.99,
2025-05-09,15296,381,342,0.032,40.15,11935,10741,5155,5586,5370,5370,835,360,2058,6174,135828,5.4,0.045,859,824,0.62,0.38,0.4,0.23,0.28,Fri,False,False,1.07,1.05,0.7,0.3,0.5,0.99,
2025-05-10,17699,451,405,0.036,39.24,12547,11292,5420,5872,5646,5646,878,377,2060,6180,135960,4.57,0.045,903,866,0.62,0.38,0.4,0.23,0.28,Sat,True,False,1.07,1.05,0.7,0.3,0.5,0.99,
2025-05-11,17028,452,406,0.036,37.67,12563,11306,5426,5880,5653,5653,879,378,2062,6186,136092,4.56,0.045,904,867,0.62,0.38,0.4,0.23,0.28,Sun,True,False,1.08,1.05,0.7,0.3,0.5,0.99,
2025-05-12,15359,383,344,0.032,40.1,11980,10782,5175,5607,5391,5391,838,360,2064,6192,136224,5.39,0.045,862,827,0.62,0.38,0.4,0.23,0.28,Mon,False,False,1.08,1.05,0.7,0.3,0.5,0.99,
2025-05-13,14709,383,344,0.032,38.41,11995,10795,5181,5614,5397,5397,839,362,2066,6198,136356,5.39,0.045,863,828,0.62,0.38,0.4,0.23,0.28,Tue,False,False,1.08,1.05,0.7,0.3,0.5,0.99,
2025-05-14,15632,384,345,0.032,40.71,12010,10809,5188,5621,5404,5404,840,362,2068,6204,136488,5.39,0.045,864,829,0.62,0.38,0.4,0.23,0.28,Wed,False,False,1.08,1.05,0.7,0.3,0.5,0.99,
2025-05-15,14830,384,345,0.032,38.62,12025,10822,5194,5628,5411,5411,841,362,2070,6210,136620,5.39,0.045,865,830,0.62,0.38,0.4,0.23,0.28,Thu,False,False,1.08,1.05,0.7,0.3,0.5,0.99,
2025-05-16,16295,385,346,0.032,42.32,12040,10836,5201,5635,5418,5418,842,362,2072,6216,136752,5.38,0.045,866,831,0.62,0.38,0.4,0.23,0.28,Fri,False,False,1.08,1.05,0.7,0.3,0.5,0.99,
2025-05-17,17665,455,409,0.036,38.83,12657,11391,5467,5924,5695,5695,885,382,2074,6222,136884,4.56,0.045,911,874,0.62,0.38,0.4,0.23,0.28,Sat,True,False,1.08,1.05,0.7,0.3,0.5,0.99,
2025-05-18,18019,456,410,0.036,39.52,12673,11405,5474,5931,5702,5702,887,382,2076,6228,137016,4.55,0.045,912,875,0.62,0.38,0.4,0.23,0.28,Sun,True,False,1.08,1.05,0.7,0.3,0.5,0.99,
2025-05-19,15911,386,347,0.032,41.22,12085,10876,5220,5656,5438,5438,845,364,2078,6234,137148,5.38,0.045,870,835,0.62,0.38,0.4,0.23,0.28,Mon,False,False,1.08,1.05,0.7,0.3,0.5,0.99,
2025-05-20,14765,387,348,0.032,38.15,12100,10890,5227,5663,5445,5445,847,363,2080,6240,137280,5.37,0.045,871,836,0.62,0.38,0.4,0.23,0.28,Tue,False,False,1.08,1.05,0.7,0.3,0.5,0.99,
2025-05-21,15612,387,348,0.032,40.34,12115,10903,5233,5670,5451,5451,848,365,2082,6246,137412,5.38,0.045,872,837,0.62,0.38,0.4,0.23,0.28,Wed,False,False,1.09,1.05,0.7,0.3,0.5,0.99,
2025-05-22,16280,388,349,0.032,41.96,12130,10917,5240,5677,5458,5458,849,365,2084,6252,137544,5.37,0.045,873,838,0.62,0.38,0.4,0.23,0.28,Thu,False,False,1.09,1.05,0.7,0.3,0.5,0.99,
2025-05-23,14584,388,349,0.032,37.59,12145,10930,5246,5684,5465,5465,850,365,2086,6258,137676,5.38,0.045,874,839,0.62,0.38,0.4,0.23,0.28,Fri,False,False,1.09,1.05,0.7,0.3,0.5,0.99,
2025-05-24,18487,459,413,0.036,40.28,12768,11491,5515,5976,5745,5745,893,385,2088,6264,137808,4.55,0.045,919,882,0.62,0.38,0.4,0.23,0.28,Sat,True,False,1.09,1.05,0.7,0.3,0.5,0.99,
2025-05-25,18579,460,414,0.036,40.39,12783,11504,5521,5983,5752,5752,894,385,2090,6270,137940,4.54,0.045,920,883,0.62,0.38,0.4,0.23,0.28,Sun,True,False,1.09,1.05,0.7,0.3,0.5,0.99,
2025-05-26,16057,390,351,0.032,41.17,12190,10971,5266,5705,5485,5485,853,367,2092,6276,138072,5.36,0.045,877,841,0.62,0.38,0.4,0.23,0.28,Mon,False,False,1.09,1.05,0.7,0.3,0.5,0.99,
2025-05-27,14876,390,351,0.032,38.14,12205,10984,5272,5712,5492,5492,854,367,2094,6282,138204,5.37,0.045,878,842,0.62,0.38,0.4,0.23,0.28,Tue,False,False,1.09,1.05,0.7,0.3,0.5,0.99,
2025-05-28,14865,391,351,0.032,38.02,12220,10998,5279,5719,5499,5499,855,367,2096,6288,138336,5.36,0.045,879,843,0.62,0.38,0.4,0.23,0.28,Wed,False,False,1.09,1.05,0.7,0.3,0.5,0.99,
2025-05-29,15946,391,351,0.032,40.78,12235,11011,5285,5726,5505,5505,856,369,2098,6294,138468,5.37,0.045,880,844,0.62,0.38,0.4,0.23,0.28,Thu,False,False,1.09,1.05,0.7,0.3,0.5,0.99,
2025-05-30,15854,392,352,0.032,40.45,12250,11025,5292,5733,5512,5512,857,369,2100,6300,138600,5.36,0.045,882,846,0.62,0.38,0.4,0.23,0.28,Fri,False,False,1.09,1.05,0.7,0.3,0.5,0.99,
2025-05-31,18693,463,416,0.036,40.38,12878,11590,5563,6027,5795,5795,901,387,2102,6306,138732,4.54,0.045,927,889,0.62,0.38,0.4,0.23,0.28,Sat,True,False,1.09,1.05,0.7,0.3,0.5,0.99,
2025-06-01,18801,464,417,0.036,40.52,12894,11604,5569,6035,5802,5802,902,388,2104,6312,138864,4.53,0.045,928,890,0.62,0.38,0.4,0.23,0.28,Sun,True,False,1.1,1.05,0.7,0.3,0.5,0.99,
2025-06-02,15319,393,353,0.032,38.98,12295,11065,5311,5754,5532,5532,860,371,2106,6318,138996,5.36,0.045,885,849,0.62,0.38,0.4,0.23,0.28,Mon,False,False,1.1,1.05,0.7,0.3,0.5,0.99,
2025-06-03,15856,393,353,0.032,40.35,12310,11079,5317,5762,5539,5539,861,371,2108,6324,139128,5.36,0.045,886,850,0.62,0.38,0.4,0.23,0.28,Tue,False,False,1.1,1.05,0.7,0.3,0.5,0.99,
2025-06-04,15933,394,354,0.032,40.44,12325,11092,5324,5768,5546,5546,862,371,2110,6330,139260,5.36,0.045,887,851,0.62,0.38,0.4,0.23,0.28,Wed,False,False,1.1,1.05,0.7,0.3,0.5,0.99,
2025-06-05,15337,394,354,0.032,38.93,12340,11106,5330,5776,5553,5553,863,371,2112,6336,139392,5.36,0.045,888,852,0.62,0.38,0.4,0.23,0.28,Thu,False,False,1.1,1.05,0.7,0.3,0.5,0.99,
2025-06-06,16905,395,355,0.032,42.8,12355,11119,5337,5782,5559,5559,864,373,2114,6342,139524,5.35,0.045,889,853,0.62,0.38,0.4,0.23,0.28,Fri,False,False,1.1,1.05,0.7,0.3,0.5,0.99,
2025-06-07,19011,467,420,0.036,40.71,12988,11689,5610,6079,5844,5844,909,391,2116,6348,139656,4.53,0.045,935,897,0.62,0.38,0.4,0.23,0.28,Sat,True,False,1.1,1.05,0.7,0.3,0.5,0.99,
2025-06-08,17883,468,421,0.036,38.21,13004,11703,5617,6086,5851,5851,910,392,2118,6354,139788,4.53,0.045,936,898,0.62,0.38,0.4,0.23,0.28,Sun,True,False,1.1,1.05,0.7,0.3,0.5,0.99,
2025-06-09,16229,396,356,0.032,40.98,12400,11160,5356,5804,5580,5580,868,372,2120,6360,139920,5.35,0.045,892,856,0.62,0.38,0.4,0.23,0.28,Mon,False,False,1.1,1.05,0.7,0.3,0.5,0.99,
2025-06-10,15299,397,357,0.032,38.54,12415,11173,5363,5810,5586,5586,869,374,2122,6366,140052,5.35,0.045,893,857,0.62,0.38,0.4,0.23,0.28,Tue,False,False,1.1,1.05,0.7,0.3,0.5,0.99,
2025-06-11,16348,397,357,0.032,41.18,12430,11187,5369,5818,5593,5593,870,374,2124,6372,140184,5.35,0.045,894,858,0.62,0.38,0.4,0.23,0.28,Wed,False,False,1.11,1.05,0.7,0.3,0.5,0.99,
2025-06-12,16611,398,358,0.032,41.74,12445,11200,5376,5824,5600,5600,871,374,2126,6378,140316,5.34,0.045,896,860,0.62,0.38,0.4,0.23,0.28,Thu,False,False,1.11,1.05,0.7,0.3,0.5,0.99,
2025-06-13,15430,398,358,0.032,38.77,12460,11214,5382,5832,5607,5607,872,374,2128,6384,140448,5.35,0.045,897,861,0.62,0.38,0.4,0.23,0.28,Fri,False,False,1.11,1.05,0.7,0.3,0.5,0.99,
2025-06-14,19520,471,423,0.036,41.45,13098,11788,5658,6130,5894,5894,916,394,2130,6390,140580,4.52,0.045,943,905,0.62,0.38,0.4,0.23,0.28,Sat,True,False,1.11,1.05,0.7,0.3,0.5,0.99,
2025-06-15,19172,472,424,0.036,40.62,13114,11802,5664,6138,5901,5901,917,395,2132,6396,140712,4.52,0.045,944,906,0.62,0.38,0.4,0.23,0.28,Sun,True,False,1.11,1.05,0.7,0.3,0.5,0.99,
2025-06-16,16493,400,360,0.032,41.23,12505,11254,5401,5853,5627,5627,875,376,2134,6402,140844,5.33,0.045,900,864,0.62,0.38,0.4,0.23,0.28,Mon,False,False,1.11,1.05,0.7,0.3,0.5,0.99,
2025-06-17,17138,400,360,0.032,42.85,12520,11268,5408,5860,5634,5634,876,376,2136,6408,140976,5.34,0.045,901,864,0.62,0.38,0.4,0.23,0.28,Tue,False,False,1.11,1.05,0.7,0.3,0.5,0.99,
2025-06-18,15892,401,360,0.032,39.63,12535,11281,5414,5867,5640,5640,877,378,2138,6414,141108,5.33,0.045,902,865,0.62,0.38,0.4,0.23,0.28,Wed,False,False,1.11,1.05,0.7,0.3,0.5,0.99,
2025-06-19,15586,401,360,0.032,38.87,12550,11295,5421,5874,5647,5647,878,378,2140,6420,141240,5.34,0.045,903,866,0.62,0.38,0.4,0.23,0.28,Thu,False,False,1.11,1.05,0.7,0.3,0.5,0.99,
2025-06-20,15543,402,361,0.032,38.67,12565,11308,5427,5881,5654,5654,879,378,2142,6426,141372,5.33,0.045,904,867,0.62,0.38,0.4,0.23,0.28,Fri,False,False,1.11,1.05,0.7,0.3,0.5,0.99,
2025-06-21,18418,475,427,0.036,38.78,13209,11888,5706,6182,5944,5944,924,397,2144,6432,141504,4.51,0.045,951,912,0.62,0.38,0.4,0.23,0.28,Sat,True,False,1.11,1.05,0.7,0.3,0.5,0.99,
2025-06-22,18984,476,428,0.036,39.88,13224,11901,5712,6189,5950,5950,925,399,2146,6438,141636,4.51,0.045,952,913,0.62,0.38,0.4,0.23,0.28,Sun,True,False,1.12,1.05,0.7,0.3,0.5,0.99,
2025-06-23,16326,403,362,0.032,40.51,12610,11349,5447,5902,5674,5674,882,380,2148,6444,141768,5.33,0.045,907,870,0.62,0.38,0.4,0.23,0.28,Mon,False,False,1.12,1.05,0.7,0.3,0.5,0.99,
2025-06-24,16327,404,363,0.032,40.42,12625,11362,5453,5909,5681,5681,883,380,2150,6450,141900,5.32,0.045,908,871,0.62,0.38,0.4,0.23,0.28,Tue,False,False,1.12,1.05,0.7,0.3,0.5,0.99,
2025-06-25,16661,404,363,0.032,41.24,12640,11376,5460,5916,5688,5688,884,380,2152,6456,142032,5.33,0.045,910,873,0.62,0.38,0.4,0.23,0.28,Wed,False,False,1.12,1.05,0.7,0.3,0.5,0.99,
2025-06-26,16167,404,363,0.032,40.02,12655,11389,5466,5923,5694,5694,885,382,2154,6462,142164,5.33,0.045,911,874,0.62,0.38,0.4,0.23,0.28,Thu,False,False,1.12,1.05,0.7,0.3,0.5,0.99,
2025-06-27,17083,405,364,0.032,42.18,12670,11403,5473,5930,5701,5701,886,382,2156,6468,142296,5.32,0.045,912,875,0.62,0.38,0.4,0.23,0.28,Fri,False,False,1.12,1.05,0.7,0.3,0.5,0.99,
2025-06-28,18969,479,431,0.036,39.6,13319,11987,5753,6234,5993,5993,932,401,2158,6474,142428,4.51,0.045,958,919,0.62,0.38,0.4,0.23,0.28,Sat,True,False,1.12,1.05,0.7,0.3,0.5,0.99,
2025-06-29,21158,480,432,0.036,44.08,13335,12001,5760,6241,6000,6000,933,402,2160,6480,142560,4.5,0.045,960,921,0.62,0.38,0.4,0.23,0.28,Sun,True,False,1.12,1.05,0.7,0.3,0.5,0.99,
2025-06-30,16621,406,365,0.032,40.94,12715,11443,5492,5951,5721,5721,890,383,2162,6486,142692,5.33,0.045,915,878,0.62,0.38,0.4,0.23,0.28,Mon,False,False,1.12,1.05,0.7,0.3,0.5,0.99,
